20240215_124232/Videos/Image-0.jpg,0,0
20240215_124232/Videos/Image-1.jpg,0,0
20240215_124232/Videos/Image-2.jpg,0,0
20240215_124232/Videos/Image-3.jpg,0,0
20240215_124232/Videos/Image-4.jpg,0,0
20240215_124232/Videos/Image-5.jpg,0,0
20240215_124232/Videos/Image-6.jpg,0,0
20240215_124232/Videos/Image-7.jpg,0,0
20240215_124232/Videos/Image-8.jpg,0,0
20240215_124232/Videos/Image-9.jpg,0,0
20240215_124232/Videos/Image-10.jpg,0,0
20240215_124232/Videos/Image-11.jpg,0,0
20240215_124232/Videos/Image-12.jpg,0,0
20240215_124232/Videos/Image-13.jpg,0,0
20240215_124232/Videos/Image-14.jpg,0,0
20240215_124232/Videos/Image-15.jpg,0,0
20240215_124232/Videos/Image-16.jpg,0,0
20240215_124232/Videos/Image-17.jpg,0,0
20240215_124232/Videos/Image-18.jpg,0,0
20240215_124232/Videos/Image-19.jpg,0,0
20240215_124232/Videos/Image-20.jpg,0,0
20240215_124232/Videos/Image-21.jpg,0,0
20240215_124232/Videos/Image-22.jpg,0,0
20240215_124232/Videos/Image-23.jpg,0,0
20240215_124232/Videos/Image-24.jpg,0,0
20240215_124232/Videos/Image-25.jpg,0,0
20240215_124232/Videos/Image-26.jpg,0,0
20240215_124232/Videos/Image-27.jpg,0,0
20240215_124232/Videos/Image-28.jpg,0,0
20240215_124232/Videos/Image-29.jpg,0,0
20240215_124232/Videos/Image-30.jpg,0,0
20240215_124232/Videos/Image-31.jpg,0,0
20240215_124232/Videos/Image-32.jpg,0,0
20240215_124232/Videos/Image-33.jpg,0,0
20240215_124232/Videos/Image-34.jpg,0,0
20240215_124232/Videos/Image-35.jpg,0,0
20240215_124232/Videos/Image-36.jpg,0,0
20240215_124232/Videos/Image-37.jpg,0,0
20240215_124232/Videos/Image-38.jpg,0,0
20240215_124232/Videos/Image-39.jpg,0,0
20240215_124232/Videos/Image-40.jpg,0,0
20240215_124232/Videos/Image-41.jpg,0,0
20240215_124232/Videos/Image-42.jpg,0,0
20240215_124232/Videos/Image-43.jpg,0,0
20240215_124232/Videos/Image-44.jpg,0,0
20240215_124232/Videos/Image-45.jpg,0,0
20240215_124232/Videos/Image-46.jpg,0,0
20240215_124232/Videos/Image-47.jpg,0,0
20240215_124232/Videos/Image-48.jpg,0,0
20240215_124232/Videos/Image-49.jpg,0,0
20240215_124232/Videos/Image-50.jpg,0,0
20240215_124232/Videos/Image-51.jpg,0,0
20240215_124232/Videos/Image-52.jpg,0,0
20240215_124232/Videos/Image-53.jpg,0,0
20240215_124232/Videos/Image-54.jpg,0,0
20240215_124232/Videos/Image-55.jpg,0,0
20240215_124232/Videos/Image-56.jpg,0,0
20240215_124232/Videos/Image-57.jpg,0,0
20240215_124232/Videos/Image-58.jpg,0,0
20240215_124232/Videos/Image-59.jpg,0,0
20240215_124232/Videos/Image-60.jpg,0,0
20240215_124232/Videos/Image-61.jpg,0,0
20240215_124232/Videos/Image-62.jpg,0,0
20240215_124232/Videos/Image-63.jpg,0,0
20240215_124232/Videos/Image-64.jpg,0,0
20240215_124232/Videos/Image-65.jpg,0,0
20240215_124232/Videos/Image-66.jpg,0,0
20240215_124232/Videos/Image-67.jpg,0,0
20240215_124232/Videos/Image-68.jpg,0,0
20240215_124232/Videos/Image-69.jpg,0,0
20240215_124232/Videos/Image-70.jpg,0,0
20240215_124232/Videos/Image-71.jpg,0,0
20240215_124232/Videos/Image-72.jpg,0,0
20240215_124232/Videos/Image-73.jpg,0,0
20240215_124232/Videos/Image-74.jpg,0,0
20240215_124232/Videos/Image-75.jpg,0,0
20240215_124232/Videos/Image-76.jpg,0,0
20240215_124232/Videos/Image-77.jpg,0,0
20240215_124232/Videos/Image-78.jpg,0,0
20240215_124232/Videos/Image-79.jpg,0,0
20240215_124232/Videos/Image-80.jpg,0,0
20240215_124232/Videos/Image-81.jpg,0,0
20240215_124232/Videos/Image-82.jpg,0,0
20240215_124232/Videos/Image-83.jpg,0,0
20240215_124232/Videos/Image-84.jpg,0,0
20240215_124232/Videos/Image-85.jpg,0,0
20240215_124232/Videos/Image-86.jpg,0,0
20240215_124232/Videos/Image-87.jpg,0,0
20240215_124232/Videos/Image-88.jpg,0,0
20240215_124232/Videos/Image-89.jpg,0,0
20240215_124232/Videos/Image-90.jpg,0,0
20240215_124232/Videos/Image-91.jpg,0,0
20240215_124232/Videos/Image-92.jpg,0,0
20240215_124232/Videos/Image-93.jpg,0,0
20240215_124232/Videos/Image-94.jpg,0,0
20240215_124232/Videos/Image-95.jpg,0,0
20240215_124232/Videos/Image-96.jpg,0,0
20240215_124232/Videos/Image-97.jpg,0,0
20240215_124232/Videos/Image-98.jpg,0,0
20240215_124232/Videos/Image-99.jpg,0,0
20240215_124232/Videos/Image-100.jpg,0,0
20240215_124232/Videos/Image-101.jpg,0,0
20240215_124232/Videos/Image-102.jpg,0,0
20240215_124232/Videos/Image-103.jpg,0,0
20240215_124232/Videos/Image-104.jpg,0,0
20240215_124232/Videos/Image-105.jpg,0,0
20240215_124232/Videos/Image-106.jpg,0,0
20240215_124232/Videos/Image-107.jpg,0,0
20240215_124232/Videos/Image-108.jpg,0,0
20240215_124232/Videos/Image-109.jpg,0,0
20240215_124232/Videos/Image-110.jpg,0,0
20240215_124232/Videos/Image-111.jpg,0,0
20240215_124232/Videos/Image-112.jpg,0,0
20240215_124232/Videos/Image-113.jpg,0,0
20240215_124232/Videos/Image-114.jpg,0,0
20240215_124232/Videos/Image-115.jpg,0,0
20240215_124232/Videos/Image-116.jpg,0,0
20240215_124232/Videos/Image-117.jpg,0,0
20240215_124232/Videos/Image-118.jpg,0,0
20240215_124232/Videos/Image-119.jpg,0,0
20240215_124232/Videos/Image-120.jpg,0,0
20240215_124232/Videos/Image-121.jpg,0,0
20240215_124232/Videos/Image-122.jpg,0,0
20240215_124232/Videos/Image-123.jpg,0,0
20240215_124232/Videos/Image-124.jpg,0,0
20240215_124232/Videos/Image-125.jpg,0,0
20240215_124232/Videos/Image-126.jpg,0,0
20240215_124232/Videos/Image-127.jpg,0,0
20240215_124232/Videos/Image-128.jpg,0,0
20240215_124232/Videos/Image-129.jpg,0,0
20240215_124232/Videos/Image-130.jpg,0,0
20240215_124232/Videos/Image-131.jpg,0,0
20240215_124232/Videos/Image-132.jpg,0,0
20240215_124232/Videos/Image-133.jpg,0,0
20240215_124232/Videos/Image-134.jpg,0,0
20240215_124232/Videos/Image-135.jpg,0,0
20240215_124232/Videos/Image-136.jpg,0,0
20240215_124232/Videos/Image-137.jpg,0,0
20240215_124232/Videos/Image-138.jpg,0,0
20240215_124232/Videos/Image-139.jpg,0,0
20240215_124232/Videos/Image-140.jpg,0,0
20240215_124232/Videos/Image-141.jpg,0,0
20240215_124232/Videos/Image-142.jpg,0,0
20240215_124232/Videos/Image-143.jpg,0,0
20240215_124232/Videos/Image-144.jpg,0,0
20240215_124232/Videos/Image-145.jpg,-165,220
20240215_124232/Videos/Image-146.jpg,-165,220
20240215_124232/Videos/Image-147.jpg,-165,220
20240215_124232/Videos/Image-148.jpg,-165,220
20240215_124232/Videos/Image-149.jpg,-165,220
20240215_124232/Videos/Image-150.jpg,-165,220
20240215_124232/Videos/Image-151.jpg,-165,220
20240215_124232/Videos/Image-152.jpg,-165,220
20240215_124232/Videos/Image-153.jpg,-165,220
20240215_124232/Videos/Image-154.jpg,-165,220
20240215_124232/Videos/Image-155.jpg,-165,220
20240215_124232/Videos/Image-156.jpg,-165,220
20240215_124232/Videos/Image-157.jpg,-165,220
20240215_124232/Videos/Image-158.jpg,-165,220
20240215_124232/Videos/Image-159.jpg,-165,220
20240215_124232/Videos/Image-160.jpg,-165,220
20240215_124232/Videos/Image-161.jpg,-165,220
20240215_124232/Videos/Image-162.jpg,-165,220
20240215_124232/Videos/Image-163.jpg,-165,220
20240215_124232/Videos/Image-164.jpg,-165,220
20240215_124232/Videos/Image-165.jpg,-165,220
20240215_124232/Videos/Image-166.jpg,-165,220
20240215_124232/Videos/Image-167.jpg,-165,220
20240215_124232/Videos/Image-168.jpg,-165,220
20240215_124232/Videos/Image-169.jpg,-165,220
20240215_124232/Videos/Image-170.jpg,-165,220
20240215_124232/Videos/Image-171.jpg,-165,220
20240215_124232/Videos/Image-172.jpg,-165,220
20240215_124232/Videos/Image-173.jpg,-165,220
20240215_124232/Videos/Image-174.jpg,-165,220
20240215_124232/Videos/Image-175.jpg,-165,220
20240215_124232/Videos/Image-176.jpg,-165,220
20240215_124232/Videos/Image-177.jpg,-165,220
20240215_124232/Videos/Image-178.jpg,-165,220
20240215_124232/Videos/Image-179.jpg,-165,220
20240215_124232/Videos/Image-180.jpg,-165,220
20240215_124232/Videos/Image-181.jpg,-165,220
20240215_124232/Videos/Image-182.jpg,-165,220
20240215_124232/Videos/Image-183.jpg,-165,220
20240215_124232/Videos/Image-184.jpg,-165,220
20240215_124232/Videos/Image-185.jpg,-165,220
20240215_124232/Videos/Image-186.jpg,-165,220
20240215_124232/Videos/Image-187.jpg,-165,220
20240215_124232/Videos/Image-188.jpg,-165,220
20240215_124232/Videos/Image-189.jpg,-165,220
20240215_124232/Videos/Image-190.jpg,-165,220
20240215_124232/Videos/Image-191.jpg,-165,220
20240215_124232/Videos/Image-192.jpg,-165,220
20240215_124232/Videos/Image-193.jpg,-165,220
20240215_124232/Videos/Image-194.jpg,-165,220
20240215_124232/Videos/Image-195.jpg,-165,220
20240215_124232/Videos/Image-196.jpg,-165,220
20240215_124232/Videos/Image-197.jpg,-165,220
20240215_124232/Videos/Image-198.jpg,-165,220
20240215_124232/Videos/Image-199.jpg,-165,220
20240215_124232/Videos/Image-200.jpg,-165,220
20240215_124232/Videos/Image-201.jpg,-165,220
20240215_124232/Videos/Image-202.jpg,-165,220
20240215_124232/Videos/Image-203.jpg,-165,220
20240215_124232/Videos/Image-204.jpg,-165,220
20240215_124232/Videos/Image-205.jpg,-165,220
20240215_124232/Videos/Image-206.jpg,-165,220
20240215_124232/Videos/Image-207.jpg,220,220
20240215_124232/Videos/Image-208.jpg,220,220
20240215_124232/Videos/Image-209.jpg,220,220
20240215_124232/Videos/Image-210.jpg,220,220
20240215_124232/Videos/Image-211.jpg,220,220
20240215_124232/Videos/Image-212.jpg,220,220
20240215_124232/Videos/Image-213.jpg,220,220
20240215_124232/Videos/Image-214.jpg,220,220
20240215_124232/Videos/Image-215.jpg,220,220
20240215_124232/Videos/Image-216.jpg,-165,220
20240215_124232/Videos/Image-217.jpg,-165,220
20240215_124232/Videos/Image-218.jpg,-165,220
20240215_124232/Videos/Image-219.jpg,-165,220
20240215_124232/Videos/Image-220.jpg,-165,220
20240215_124232/Videos/Image-221.jpg,-165,220
20240215_124232/Videos/Image-222.jpg,-165,220
20240215_124232/Videos/Image-223.jpg,-165,220
20240215_124232/Videos/Image-224.jpg,-165,220
20240215_124232/Videos/Image-225.jpg,220,220
20240215_124232/Videos/Image-226.jpg,220,220
20240215_124232/Videos/Image-227.jpg,220,220
20240215_124232/Videos/Image-228.jpg,220,220
20240215_124232/Videos/Image-229.jpg,220,220
20240215_124232/Videos/Image-230.jpg,220,220
20240215_124232/Videos/Image-231.jpg,220,220
20240215_124232/Videos/Image-232.jpg,220,220
20240215_124232/Videos/Image-233.jpg,220,220
20240215_124232/Videos/Image-234.jpg,220,220
20240215_124232/Videos/Image-235.jpg,220,220
20240215_124232/Videos/Image-236.jpg,220,220
20240215_124232/Videos/Image-237.jpg,220,220
20240215_124232/Videos/Image-238.jpg,220,220
20240215_124232/Videos/Image-239.jpg,220,220
20240215_124232/Videos/Image-240.jpg,220,220
20240215_124232/Videos/Image-241.jpg,-165,220
20240215_124232/Videos/Image-242.jpg,-165,220
20240215_124232/Videos/Image-243.jpg,-165,220
20240215_124232/Videos/Image-244.jpg,-165,220
20240215_124232/Videos/Image-245.jpg,-165,220
20240215_124232/Videos/Image-246.jpg,-165,220
20240215_124232/Videos/Image-247.jpg,-165,220
20240215_124232/Videos/Image-248.jpg,-165,220
20240215_124232/Videos/Image-249.jpg,-165,220
20240215_124232/Videos/Image-250.jpg,220,220
20240215_124232/Videos/Image-251.jpg,220,220
20240215_124232/Videos/Image-252.jpg,220,220
20240215_124232/Videos/Image-253.jpg,220,220
20240215_124232/Videos/Image-254.jpg,220,220
20240215_124232/Videos/Image-255.jpg,220,220
20240215_124232/Videos/Image-256.jpg,220,220
20240215_124232/Videos/Image-257.jpg,220,220
20240215_124232/Videos/Image-258.jpg,220,220
20240215_124232/Videos/Image-259.jpg,220,220
20240215_124232/Videos/Image-260.jpg,220,220
20240215_124232/Videos/Image-261.jpg,220,220
20240215_124232/Videos/Image-262.jpg,220,220
20240215_124232/Videos/Image-263.jpg,220,220
20240215_124232/Videos/Image-264.jpg,220,220
20240215_124232/Videos/Image-265.jpg,220,220
20240215_124232/Videos/Image-266.jpg,220,220
20240215_124232/Videos/Image-267.jpg,220,220
20240215_124232/Videos/Image-268.jpg,220,220
20240215_124232/Videos/Image-269.jpg,220,220
20240215_124232/Videos/Image-270.jpg,220,220
20240215_124232/Videos/Image-271.jpg,220,220
20240215_124232/Videos/Image-272.jpg,220,220
20240215_124232/Videos/Image-273.jpg,220,220
20240215_124232/Videos/Image-274.jpg,220,220
20240215_124232/Videos/Image-275.jpg,-165,220
20240215_124232/Videos/Image-276.jpg,-165,220
20240215_124232/Videos/Image-277.jpg,-165,220
20240215_124232/Videos/Image-278.jpg,-165,220
20240215_124232/Videos/Image-279.jpg,-165,220
20240215_124232/Videos/Image-280.jpg,-165,220
20240215_124232/Videos/Image-281.jpg,-165,220
20240215_124232/Videos/Image-282.jpg,-165,220
20240215_124232/Videos/Image-283.jpg,-165,220
20240215_124232/Videos/Image-284.jpg,-165,220
20240215_124232/Videos/Image-285.jpg,-165,220
20240215_124232/Videos/Image-286.jpg,-165,220
20240215_124232/Videos/Image-287.jpg,-165,220
20240215_124232/Videos/Image-288.jpg,-165,220
20240215_124232/Videos/Image-289.jpg,-165,220
20240215_124232/Videos/Image-290.jpg,-165,220
20240215_124232/Videos/Image-291.jpg,-165,220
20240215_124232/Videos/Image-292.jpg,-165,220
20240215_124232/Videos/Image-293.jpg,-165,220
20240215_124232/Videos/Image-294.jpg,-165,220
20240215_124232/Videos/Image-295.jpg,-165,220
20240215_124232/Videos/Image-296.jpg,-165,220
20240215_124232/Videos/Image-297.jpg,-165,220
20240215_124232/Videos/Image-298.jpg,-165,220
20240215_124232/Videos/Image-299.jpg,-165,220
20240215_124232/Videos/Image-300.jpg,-165,220
20240215_124232/Videos/Image-301.jpg,-165,220
20240215_124232/Videos/Image-302.jpg,-165,220
20240215_124232/Videos/Image-303.jpg,-165,220
20240215_124232/Videos/Image-304.jpg,-165,220
20240215_124232/Videos/Image-305.jpg,-165,220
20240215_124232/Videos/Image-306.jpg,-165,220
20240215_124232/Videos/Image-307.jpg,-165,220
20240215_124232/Videos/Image-308.jpg,-165,220
20240215_124232/Videos/Image-309.jpg,-165,220
20240215_124232/Videos/Image-310.jpg,-165,220
20240215_124232/Videos/Image-311.jpg,-165,220
20240215_124232/Videos/Image-312.jpg,-165,220
20240215_124232/Videos/Image-313.jpg,-165,220
20240215_124232/Videos/Image-314.jpg,-165,220
20240215_124232/Videos/Image-315.jpg,-165,220
20240215_124232/Videos/Image-316.jpg,-165,220
20240215_124232/Videos/Image-317.jpg,-165,220
20240215_124232/Videos/Image-318.jpg,-165,220
20240215_124232/Videos/Image-319.jpg,-165,220
20240215_124232/Videos/Image-320.jpg,-165,220
20240215_124232/Videos/Image-321.jpg,-165,220
20240215_124232/Videos/Image-322.jpg,-165,220
20240215_124232/Videos/Image-323.jpg,-165,220
20240215_124232/Videos/Image-324.jpg,-165,220
20240215_124232/Videos/Image-325.jpg,-165,220
20240215_124232/Videos/Image-326.jpg,220,220
20240215_124232/Videos/Image-327.jpg,220,220
20240215_124232/Videos/Image-328.jpg,220,220
20240215_124232/Videos/Image-329.jpg,220,220
20240215_124232/Videos/Image-330.jpg,220,220
20240215_124232/Videos/Image-331.jpg,220,220
20240215_124232/Videos/Image-332.jpg,220,220
20240215_124232/Videos/Image-333.jpg,220,220
20240215_124232/Videos/Image-334.jpg,220,220
20240215_124232/Videos/Image-335.jpg,220,220
20240215_124232/Videos/Image-336.jpg,220,220
20240215_124232/Videos/Image-337.jpg,220,220
20240215_124232/Videos/Image-338.jpg,220,220
20240215_124232/Videos/Image-339.jpg,220,220
20240215_124232/Videos/Image-340.jpg,220,220
20240215_124232/Videos/Image-341.jpg,220,220
20240215_124232/Videos/Image-342.jpg,220,220
20240215_124232/Videos/Image-343.jpg,220,220
20240215_124232/Videos/Image-344.jpg,-165,220
20240215_124232/Videos/Image-345.jpg,-165,220
20240215_124232/Videos/Image-346.jpg,-165,220
20240215_124232/Videos/Image-347.jpg,-165,220
20240215_124232/Videos/Image-348.jpg,-165,220
20240215_124232/Videos/Image-349.jpg,-165,220
20240215_124232/Videos/Image-350.jpg,-165,220
20240215_124232/Videos/Image-351.jpg,-165,220
20240215_124232/Videos/Image-352.jpg,-165,220
20240215_124232/Videos/Image-353.jpg,-165,220
20240215_124232/Videos/Image-354.jpg,-165,220
20240215_124232/Videos/Image-355.jpg,220,220
20240215_124232/Videos/Image-356.jpg,220,220
20240215_124232/Videos/Image-357.jpg,220,220
20240215_124232/Videos/Image-358.jpg,220,220
20240215_124232/Videos/Image-359.jpg,220,220
20240215_124232/Videos/Image-360.jpg,220,220
20240215_124232/Videos/Image-361.jpg,220,220
20240215_124232/Videos/Image-362.jpg,220,220
20240215_124232/Videos/Image-363.jpg,220,220
20240215_124232/Videos/Image-364.jpg,220,220
20240215_124232/Videos/Image-365.jpg,220,220
20240215_124232/Videos/Image-366.jpg,220,220
20240215_124232/Videos/Image-367.jpg,220,220
20240215_124232/Videos/Image-368.jpg,220,220
20240215_124232/Videos/Image-369.jpg,220,220
20240215_124232/Videos/Image-370.jpg,220,220
20240215_124232/Videos/Image-371.jpg,220,220
20240215_124232/Videos/Image-372.jpg,220,220
20240215_124232/Videos/Image-373.jpg,220,220
20240215_124232/Videos/Image-374.jpg,220,220
20240215_124232/Videos/Image-375.jpg,220,220
20240215_124232/Videos/Image-376.jpg,220,220
20240215_124232/Videos/Image-377.jpg,220,220
20240215_124232/Videos/Image-378.jpg,220,220
20240215_124232/Videos/Image-379.jpg,220,220
20240215_124232/Videos/Image-380.jpg,-165,220
20240215_124232/Videos/Image-381.jpg,-165,220
20240215_124232/Videos/Image-382.jpg,-165,220
20240215_124232/Videos/Image-383.jpg,-165,220
20240215_124232/Videos/Image-384.jpg,-165,220
20240215_124232/Videos/Image-385.jpg,-165,220
20240215_124232/Videos/Image-386.jpg,-165,220
20240215_124232/Videos/Image-387.jpg,-165,220
20240215_124232/Videos/Image-388.jpg,-165,220
20240215_124232/Videos/Image-389.jpg,-165,220
20240215_124232/Videos/Image-390.jpg,-165,220
20240215_124232/Videos/Image-391.jpg,-165,220
20240215_124232/Videos/Image-392.jpg,-165,220
20240215_124232/Videos/Image-393.jpg,-165,220
20240215_124232/Videos/Image-394.jpg,-165,220
20240215_124232/Videos/Image-395.jpg,-165,220
20240215_124232/Videos/Image-396.jpg,220,220
20240215_124232/Videos/Image-397.jpg,220,220
20240215_124232/Videos/Image-398.jpg,220,220
20240215_124232/Videos/Image-399.jpg,220,220
20240215_124232/Videos/Image-400.jpg,220,220
20240215_124232/Videos/Image-401.jpg,220,220
20240215_124232/Videos/Image-402.jpg,220,220
20240215_124232/Videos/Image-403.jpg,220,220
20240215_124232/Videos/Image-404.jpg,220,220
20240215_124232/Videos/Image-405.jpg,220,220
20240215_124232/Videos/Image-406.jpg,220,220
20240215_124232/Videos/Image-407.jpg,220,220
20240215_124232/Videos/Image-408.jpg,220,220
20240215_124232/Videos/Image-409.jpg,220,220
20240215_124232/Videos/Image-410.jpg,-165,220
20240215_124232/Videos/Image-411.jpg,-165,220
20240215_124232/Videos/Image-412.jpg,-165,220
20240215_124232/Videos/Image-413.jpg,-165,220
20240215_124232/Videos/Image-414.jpg,-165,220
20240215_124232/Videos/Image-415.jpg,-165,220
20240215_124232/Videos/Image-416.jpg,-165,220
20240215_124232/Videos/Image-417.jpg,-165,220
20240215_124232/Videos/Image-418.jpg,-165,220
20240215_124232/Videos/Image-419.jpg,-165,220
20240215_124232/Videos/Image-420.jpg,220,220
20240215_124232/Videos/Image-421.jpg,220,220
20240215_124232/Videos/Image-422.jpg,220,220
20240215_124232/Videos/Image-423.jpg,220,220
20240215_124232/Videos/Image-424.jpg,220,220
20240215_124232/Videos/Image-425.jpg,220,220
20240215_124232/Videos/Image-426.jpg,220,220
20240215_124232/Videos/Image-427.jpg,220,220
20240215_124232/Videos/Image-428.jpg,220,220
20240215_124232/Videos/Image-429.jpg,220,220
20240215_124232/Videos/Image-430.jpg,220,220
20240215_124232/Videos/Image-431.jpg,220,220
20240215_124232/Videos/Image-432.jpg,220,220
20240215_124232/Videos/Image-433.jpg,220,220
20240215_124232/Videos/Image-434.jpg,-165,220
20240215_124232/Videos/Image-435.jpg,-165,220
20240215_124232/Videos/Image-436.jpg,-165,220
20240215_124232/Videos/Image-437.jpg,-165,220
20240215_124232/Videos/Image-438.jpg,-165,220
20240215_124232/Videos/Image-439.jpg,-165,220
20240215_124232/Videos/Image-440.jpg,-165,220
20240215_124232/Videos/Image-441.jpg,-165,220
20240215_124232/Videos/Image-442.jpg,-165,220
20240215_124232/Videos/Image-443.jpg,-165,220
20240215_124232/Videos/Image-444.jpg,-165,220
20240215_124232/Videos/Image-445.jpg,-165,220
20240215_124232/Videos/Image-446.jpg,-165,220
20240215_124232/Videos/Image-447.jpg,-165,220
20240215_124232/Videos/Image-448.jpg,220,220
20240215_124232/Videos/Image-449.jpg,220,220
20240215_124232/Videos/Image-450.jpg,220,220
20240215_124232/Videos/Image-451.jpg,220,220
20240215_124232/Videos/Image-452.jpg,220,220
20240215_124232/Videos/Image-453.jpg,220,220
20240215_124232/Videos/Image-454.jpg,220,220
20240215_124232/Videos/Image-455.jpg,220,220
20240215_124232/Videos/Image-456.jpg,220,220
20240215_124232/Videos/Image-457.jpg,220,220
20240215_124232/Videos/Image-458.jpg,220,220
20240215_124232/Videos/Image-459.jpg,220,220
20240215_124232/Videos/Image-460.jpg,220,220
20240215_124232/Videos/Image-461.jpg,220,220
20240215_124232/Videos/Image-462.jpg,220,220
20240215_124232/Videos/Image-463.jpg,220,220
20240215_124232/Videos/Image-464.jpg,220,220
20240215_124232/Videos/Image-465.jpg,220,-165
20240215_124232/Videos/Image-466.jpg,220,-165
20240215_124232/Videos/Image-467.jpg,220,-165
20240215_124232/Videos/Image-468.jpg,220,-165
20240215_124232/Videos/Image-469.jpg,220,-165
20240215_124232/Videos/Image-470.jpg,220,-165
20240215_124232/Videos/Image-471.jpg,220,-165
20240215_124232/Videos/Image-472.jpg,220,-165
20240215_124232/Videos/Image-473.jpg,220,-165
20240215_124232/Videos/Image-474.jpg,220,-165
20240215_124232/Videos/Image-475.jpg,220,-165
20240215_124232/Videos/Image-476.jpg,220,-165
20240215_124232/Videos/Image-477.jpg,220,-165
20240215_124232/Videos/Image-478.jpg,220,-165
20240215_124232/Videos/Image-479.jpg,220,-165
20240215_124232/Videos/Image-480.jpg,220,-165
20240215_124232/Videos/Image-481.jpg,220,-165
20240215_124232/Videos/Image-482.jpg,220,-165
20240215_124232/Videos/Image-483.jpg,220,220
20240215_124232/Videos/Image-484.jpg,220,220
20240215_124232/Videos/Image-485.jpg,220,220
20240215_124232/Videos/Image-486.jpg,220,220
20240215_124232/Videos/Image-487.jpg,220,220
20240215_124232/Videos/Image-488.jpg,220,220
20240215_124232/Videos/Image-489.jpg,220,220
20240215_124232/Videos/Image-490.jpg,220,220
20240215_124232/Videos/Image-491.jpg,220,220
20240215_124232/Videos/Image-492.jpg,220,220
20240215_124232/Videos/Image-493.jpg,220,220
20240215_124232/Videos/Image-494.jpg,220,220
20240215_124232/Videos/Image-495.jpg,220,220
20240215_124232/Videos/Image-496.jpg,220,220
20240215_124232/Videos/Image-497.jpg,-165,220
20240215_124232/Videos/Image-498.jpg,-165,220
20240215_124232/Videos/Image-499.jpg,-165,220
20240215_124232/Videos/Image-500.jpg,-165,220
20240215_124232/Videos/Image-501.jpg,-165,220
20240215_124232/Videos/Image-502.jpg,-165,220
20240215_124232/Videos/Image-503.jpg,-165,220
20240215_124232/Videos/Image-504.jpg,-165,220
20240215_124232/Videos/Image-505.jpg,-165,220
20240215_124232/Videos/Image-506.jpg,-165,220
20240215_124232/Videos/Image-507.jpg,-165,220
20240215_124232/Videos/Image-508.jpg,-165,220
20240215_124232/Videos/Image-509.jpg,-165,220
20240215_124232/Videos/Image-510.jpg,-165,220
20240215_124232/Videos/Image-511.jpg,220,220
20240215_124232/Videos/Image-512.jpg,220,220
20240215_124232/Videos/Image-513.jpg,220,220
20240215_124232/Videos/Image-514.jpg,220,220
20240215_124232/Videos/Image-515.jpg,220,220
20240215_124232/Videos/Image-516.jpg,220,220
20240215_124232/Videos/Image-517.jpg,220,220
20240215_124232/Videos/Image-518.jpg,220,220
20240215_124232/Videos/Image-519.jpg,220,220
20240215_124232/Videos/Image-520.jpg,220,220
20240215_124232/Videos/Image-521.jpg,-165,220
20240215_124232/Videos/Image-522.jpg,-165,220
20240215_124232/Videos/Image-523.jpg,-165,220
20240215_124232/Videos/Image-524.jpg,-165,220
20240215_124232/Videos/Image-525.jpg,-165,220
20240215_124232/Videos/Image-526.jpg,-165,220
20240215_124232/Videos/Image-527.jpg,-165,220
20240215_124232/Videos/Image-528.jpg,-165,220
20240215_124232/Videos/Image-529.jpg,-165,220
20240215_124232/Videos/Image-530.jpg,-165,220
20240215_124232/Videos/Image-531.jpg,-165,220
20240215_124232/Videos/Image-532.jpg,220,220
20240215_124232/Videos/Image-533.jpg,220,220
20240215_124232/Videos/Image-534.jpg,220,220
20240215_124232/Videos/Image-535.jpg,220,220
20240215_124232/Videos/Image-536.jpg,220,220
20240215_124232/Videos/Image-537.jpg,220,220
20240215_124232/Videos/Image-538.jpg,220,220
20240215_124232/Videos/Image-539.jpg,220,220
20240215_124232/Videos/Image-540.jpg,220,220
20240215_124232/Videos/Image-541.jpg,220,220
20240215_124232/Videos/Image-542.jpg,220,220
20240215_124232/Videos/Image-543.jpg,220,220
20240215_124232/Videos/Image-544.jpg,220,220
20240215_124232/Videos/Image-545.jpg,220,220
20240215_124232/Videos/Image-546.jpg,-165,220
20240215_124232/Videos/Image-547.jpg,-165,220
20240215_124232/Videos/Image-548.jpg,-165,220
20240215_124232/Videos/Image-549.jpg,-165,220
20240215_124232/Videos/Image-550.jpg,-165,220
20240215_124232/Videos/Image-551.jpg,-165,220
20240215_124232/Videos/Image-552.jpg,-165,220
20240215_124232/Videos/Image-553.jpg,-165,220
20240215_124232/Videos/Image-554.jpg,-165,220
20240215_124232/Videos/Image-555.jpg,-165,220
20240215_124232/Videos/Image-556.jpg,-165,220
20240215_124232/Videos/Image-557.jpg,-165,220
20240215_124232/Videos/Image-558.jpg,-165,220
20240215_124232/Videos/Image-559.jpg,-165,220
20240215_124232/Videos/Image-560.jpg,-165,220
20240215_124232/Videos/Image-561.jpg,-165,220
20240215_124232/Videos/Image-562.jpg,-165,220
20240215_124232/Videos/Image-563.jpg,-165,220
20240215_124232/Videos/Image-564.jpg,-165,220
20240215_124232/Videos/Image-565.jpg,-165,220
20240215_124232/Videos/Image-566.jpg,-165,220
20240215_124232/Videos/Image-567.jpg,-165,220
20240215_124232/Videos/Image-568.jpg,-165,220
20240215_124232/Videos/Image-569.jpg,220,220
20240215_124232/Videos/Image-570.jpg,220,220
20240215_124232/Videos/Image-571.jpg,220,220
20240215_124232/Videos/Image-572.jpg,220,220
20240215_124232/Videos/Image-573.jpg,220,220
20240215_124232/Videos/Image-574.jpg,220,220
20240215_124232/Videos/Image-575.jpg,220,220
20240215_124232/Videos/Image-576.jpg,220,220
20240215_124232/Videos/Image-577.jpg,220,220
20240215_124232/Videos/Image-578.jpg,220,220
20240215_124232/Videos/Image-579.jpg,220,220
20240215_124232/Videos/Image-580.jpg,220,220
20240215_124232/Videos/Image-581.jpg,220,220
20240215_124232/Videos/Image-582.jpg,220,220
20240215_124232/Videos/Image-583.jpg,220,220
20240215_124232/Videos/Image-584.jpg,220,220
20240215_124232/Videos/Image-585.jpg,-165,220
20240215_124232/Videos/Image-586.jpg,-165,220
20240215_124232/Videos/Image-587.jpg,-165,220
20240215_124232/Videos/Image-588.jpg,-165,220
20240215_124232/Videos/Image-589.jpg,-165,220
20240215_124232/Videos/Image-590.jpg,-165,220
20240215_124232/Videos/Image-591.jpg,-165,220
20240215_124232/Videos/Image-592.jpg,-165,220
20240215_124232/Videos/Image-593.jpg,-165,220
20240215_124232/Videos/Image-594.jpg,-165,220
20240215_124232/Videos/Image-595.jpg,-165,220
20240215_124232/Videos/Image-596.jpg,-165,220
20240215_124232/Videos/Image-597.jpg,-165,220
20240215_124232/Videos/Image-598.jpg,220,220
20240215_124232/Videos/Image-599.jpg,220,220
20240215_124232/Videos/Image-600.jpg,220,220
20240215_124232/Videos/Image-601.jpg,220,220
20240215_124232/Videos/Image-602.jpg,220,220
20240215_124232/Videos/Image-603.jpg,220,220
20240215_124232/Videos/Image-604.jpg,220,220
20240215_124232/Videos/Image-605.jpg,220,220
20240215_124232/Videos/Image-606.jpg,220,220
20240215_124232/Videos/Image-607.jpg,220,220
20240215_124232/Videos/Image-608.jpg,220,220
20240215_124232/Videos/Image-609.jpg,220,220
20240215_124232/Videos/Image-610.jpg,220,220
20240215_124232/Videos/Image-611.jpg,220,220
20240215_124232/Videos/Image-612.jpg,220,220
20240215_124232/Videos/Image-613.jpg,220,220
20240215_124232/Videos/Image-614.jpg,220,220
20240215_124232/Videos/Image-615.jpg,220,220
20240215_124232/Videos/Image-616.jpg,220,220
20240215_124232/Videos/Image-617.jpg,220,220
20240215_124232/Videos/Image-618.jpg,220,220
20240215_124232/Videos/Image-619.jpg,220,220
20240215_124232/Videos/Image-620.jpg,220,220
20240215_124232/Videos/Image-621.jpg,220,220
20240215_124232/Videos/Image-622.jpg,220,220
20240215_124232/Videos/Image-623.jpg,220,220
20240215_124232/Videos/Image-624.jpg,220,220
20240215_124232/Videos/Image-625.jpg,220,220
20240215_124232/Videos/Image-626.jpg,220,220
20240215_124232/Videos/Image-627.jpg,220,220
20240215_124232/Videos/Image-628.jpg,220,220
20240215_124232/Videos/Image-629.jpg,220,220
20240215_124232/Videos/Image-630.jpg,220,220
20240215_124232/Videos/Image-631.jpg,220,220
20240215_124232/Videos/Image-632.jpg,220,220
20240215_124232/Videos/Image-633.jpg,220,220
20240215_124232/Videos/Image-634.jpg,220,220
20240215_124232/Videos/Image-635.jpg,220,220
20240215_124232/Videos/Image-636.jpg,220,220
20240215_124232/Videos/Image-637.jpg,220,220
20240215_124232/Videos/Image-638.jpg,220,220
20240215_124232/Videos/Image-639.jpg,220,220
20240215_124232/Videos/Image-640.jpg,220,220
20240215_124232/Videos/Image-641.jpg,220,220
20240215_124232/Videos/Image-642.jpg,220,220
20240215_124232/Videos/Image-643.jpg,220,220
20240215_124232/Videos/Image-644.jpg,220,220
20240215_124232/Videos/Image-645.jpg,220,220
20240215_124232/Videos/Image-646.jpg,220,220
20240215_124232/Videos/Image-647.jpg,220,220
20240215_124232/Videos/Image-648.jpg,220,220
20240215_124232/Videos/Image-649.jpg,220,220
20240215_124232/Videos/Image-650.jpg,220,220
20240215_124232/Videos/Image-651.jpg,220,220
20240215_124232/Videos/Image-652.jpg,220,220
20240215_124232/Videos/Image-653.jpg,220,220
20240215_124232/Videos/Image-654.jpg,220,220
20240215_124232/Videos/Image-655.jpg,-165,220
20240215_124232/Videos/Image-656.jpg,-165,220
20240215_124232/Videos/Image-657.jpg,-165,220
20240215_124232/Videos/Image-658.jpg,-165,220
20240215_124232/Videos/Image-659.jpg,-165,220
20240215_124232/Videos/Image-660.jpg,-165,220
20240215_124232/Videos/Image-661.jpg,-165,220
20240215_124232/Videos/Image-662.jpg,-165,220
20240215_124232/Videos/Image-663.jpg,-165,220
20240215_124232/Videos/Image-664.jpg,-165,220
20240215_124232/Videos/Image-665.jpg,-165,220
20240215_124232/Videos/Image-666.jpg,-165,220
20240215_124232/Videos/Image-667.jpg,-165,220
20240215_124232/Videos/Image-668.jpg,-165,220
20240215_124232/Videos/Image-669.jpg,-165,220
20240215_124232/Videos/Image-670.jpg,-165,220
20240215_124232/Videos/Image-671.jpg,-165,220
20240215_124232/Videos/Image-672.jpg,-165,220
20240215_124232/Videos/Image-673.jpg,-165,220
20240215_124232/Videos/Image-674.jpg,-165,220
20240215_124232/Videos/Image-675.jpg,-165,220
20240215_124232/Videos/Image-676.jpg,-165,220
20240215_124232/Videos/Image-677.jpg,-165,220
20240215_124232/Videos/Image-678.jpg,-165,220
20240215_124232/Videos/Image-679.jpg,-165,220
20240215_124232/Videos/Image-680.jpg,-165,220
20240215_124232/Videos/Image-681.jpg,-165,220
20240215_124232/Videos/Image-682.jpg,-165,220
20240215_124232/Videos/Image-683.jpg,-165,220
20240215_124232/Videos/Image-684.jpg,-165,220
20240215_124232/Videos/Image-685.jpg,-165,220
20240215_124232/Videos/Image-686.jpg,-165,220
20240215_124232/Videos/Image-687.jpg,-165,220
20240215_124232/Videos/Image-688.jpg,-165,220
20240215_124232/Videos/Image-689.jpg,-165,220
20240215_124232/Videos/Image-690.jpg,-165,220
20240215_124232/Videos/Image-691.jpg,-165,220
20240215_124232/Videos/Image-692.jpg,-165,220
20240215_124232/Videos/Image-693.jpg,220,220
20240215_124232/Videos/Image-694.jpg,220,220
20240215_124232/Videos/Image-695.jpg,220,220
20240215_124232/Videos/Image-696.jpg,220,220
20240215_124232/Videos/Image-697.jpg,220,220
20240215_124232/Videos/Image-698.jpg,-165,220
20240215_124232/Videos/Image-699.jpg,-165,220
20240215_124232/Videos/Image-700.jpg,-165,220
20240215_124232/Videos/Image-701.jpg,-165,220
20240215_124232/Videos/Image-702.jpg,-165,220
20240215_124232/Videos/Image-703.jpg,-165,220
20240215_124232/Videos/Image-704.jpg,-165,220
20240215_124232/Videos/Image-705.jpg,-165,220
20240215_124232/Videos/Image-706.jpg,220,220
20240215_124232/Videos/Image-707.jpg,220,220
20240215_124232/Videos/Image-708.jpg,220,220
20240215_124232/Videos/Image-709.jpg,220,220
20240215_124232/Videos/Image-710.jpg,220,220
20240215_124232/Videos/Image-711.jpg,220,220
20240215_124232/Videos/Image-712.jpg,220,220
20240215_124232/Videos/Image-713.jpg,220,220
20240215_124232/Videos/Image-714.jpg,220,220
20240215_124232/Videos/Image-715.jpg,220,220
20240215_124232/Videos/Image-716.jpg,220,220
20240215_124232/Videos/Image-717.jpg,220,220
20240215_124232/Videos/Image-718.jpg,220,220
20240215_124232/Videos/Image-719.jpg,220,220
20240215_124232/Videos/Image-720.jpg,220,220
20240215_124232/Videos/Image-721.jpg,220,220
20240215_124232/Videos/Image-722.jpg,-165,220
20240215_124232/Videos/Image-723.jpg,-165,220
20240215_124232/Videos/Image-724.jpg,-165,220
20240215_124232/Videos/Image-725.jpg,-165,220
20240215_124232/Videos/Image-726.jpg,-165,220
20240215_124232/Videos/Image-727.jpg,-165,220
20240215_124232/Videos/Image-728.jpg,-165,220
20240215_124232/Videos/Image-729.jpg,-165,220
20240215_124232/Videos/Image-730.jpg,-165,220
20240215_124232/Videos/Image-731.jpg,-165,220
20240215_124232/Videos/Image-732.jpg,-165,220
20240215_124232/Videos/Image-733.jpg,-165,220
20240215_124232/Videos/Image-734.jpg,-165,220
20240215_124232/Videos/Image-735.jpg,-165,220
20240215_124232/Videos/Image-736.jpg,-165,220
20240215_124232/Videos/Image-737.jpg,-165,220
20240215_124232/Videos/Image-738.jpg,-165,220
20240215_124232/Videos/Image-739.jpg,-165,220
20240215_124232/Videos/Image-740.jpg,-165,220
20240215_124232/Videos/Image-741.jpg,-165,220
20240215_124232/Videos/Image-742.jpg,-165,220
20240215_124232/Videos/Image-743.jpg,-165,220
20240215_124232/Videos/Image-744.jpg,-165,220
20240215_124232/Videos/Image-745.jpg,-165,220
20240215_124232/Videos/Image-746.jpg,-165,220
20240215_124232/Videos/Image-747.jpg,-165,220
20240215_124232/Videos/Image-748.jpg,-165,220
20240215_124232/Videos/Image-749.jpg,-165,220
20240215_124232/Videos/Image-750.jpg,-165,220
20240215_124232/Videos/Image-751.jpg,-165,220
20240215_124232/Videos/Image-752.jpg,-165,220
20240215_124232/Videos/Image-753.jpg,-165,220
20240215_124232/Videos/Image-754.jpg,220,220
20240215_124232/Videos/Image-755.jpg,220,220
20240215_124232/Videos/Image-756.jpg,220,220
20240215_124232/Videos/Image-757.jpg,220,220
20240215_124232/Videos/Image-758.jpg,220,220
20240215_124232/Videos/Image-759.jpg,220,220
20240215_124232/Videos/Image-760.jpg,220,220
20240215_124232/Videos/Image-761.jpg,220,220
20240215_124232/Videos/Image-762.jpg,220,220
20240215_124232/Videos/Image-763.jpg,220,220
20240215_124232/Videos/Image-764.jpg,220,220
20240215_124232/Videos/Image-765.jpg,220,220
20240215_124232/Videos/Image-766.jpg,220,220
20240215_124232/Videos/Image-767.jpg,220,220
20240215_124232/Videos/Image-768.jpg,220,220
20240215_124232/Videos/Image-769.jpg,220,220
20240215_124232/Videos/Image-770.jpg,220,220
20240215_124232/Videos/Image-771.jpg,220,220
20240215_124232/Videos/Image-772.jpg,220,220
20240215_124232/Videos/Image-773.jpg,220,220
20240215_124232/Videos/Image-774.jpg,220,220
20240215_124232/Videos/Image-775.jpg,220,220
20240215_124232/Videos/Image-776.jpg,220,220
20240215_124232/Videos/Image-777.jpg,220,220
20240215_124232/Videos/Image-778.jpg,220,220
20240215_124232/Videos/Image-779.jpg,220,220
20240215_124232/Videos/Image-780.jpg,220,220
20240215_124232/Videos/Image-781.jpg,220,220
20240215_124232/Videos/Image-782.jpg,220,220
20240215_124232/Videos/Image-783.jpg,220,220
20240215_124232/Videos/Image-784.jpg,220,220
20240215_124232/Videos/Image-785.jpg,220,220
20240215_124232/Videos/Image-786.jpg,220,220
20240215_124232/Videos/Image-787.jpg,220,220
20240215_124232/Videos/Image-788.jpg,220,220
20240215_124232/Videos/Image-789.jpg,220,220
20240215_124232/Videos/Image-790.jpg,220,220
20240215_124232/Videos/Image-791.jpg,220,220
20240215_124232/Videos/Image-792.jpg,220,220
20240215_124232/Videos/Image-793.jpg,220,220
20240215_124232/Videos/Image-794.jpg,220,220
20240215_124232/Videos/Image-795.jpg,220,220
20240215_124232/Videos/Image-796.jpg,220,220
20240215_124232/Videos/Image-797.jpg,220,220
20240215_124232/Videos/Image-798.jpg,220,220
20240215_124232/Videos/Image-799.jpg,220,220
20240215_124232/Videos/Image-800.jpg,220,220
20240215_124232/Videos/Image-801.jpg,220,220
20240215_124232/Videos/Image-802.jpg,220,220
20240215_124232/Videos/Image-803.jpg,220,220
20240215_124232/Videos/Image-804.jpg,220,220
20240215_124232/Videos/Image-805.jpg,220,220
20240215_124232/Videos/Image-806.jpg,220,220
20240215_124232/Videos/Image-807.jpg,220,220
20240215_124232/Videos/Image-808.jpg,220,220
20240215_124232/Videos/Image-809.jpg,220,220
20240215_124232/Videos/Image-810.jpg,220,220
20240215_124232/Videos/Image-811.jpg,220,220
20240215_124232/Videos/Image-812.jpg,220,220
20240215_124232/Videos/Image-813.jpg,220,220
20240215_124232/Videos/Image-814.jpg,220,220
20240215_124232/Videos/Image-815.jpg,220,220
20240215_124232/Videos/Image-816.jpg,220,220
20240215_124232/Videos/Image-817.jpg,220,220
20240215_124232/Videos/Image-818.jpg,220,220
20240215_124232/Videos/Image-819.jpg,220,220
20240215_124232/Videos/Image-820.jpg,220,220
20240215_124232/Videos/Image-821.jpg,220,220
20240215_124232/Videos/Image-822.jpg,220,220
20240215_124232/Videos/Image-823.jpg,220,220
20240215_124232/Videos/Image-824.jpg,220,220
20240215_124232/Videos/Image-825.jpg,220,220
20240215_124232/Videos/Image-826.jpg,220,220
20240215_124232/Videos/Image-827.jpg,220,220
20240215_124232/Videos/Image-828.jpg,220,220
20240215_124232/Videos/Image-829.jpg,220,220
20240215_124232/Videos/Image-830.jpg,220,220
20240215_124232/Videos/Image-831.jpg,220,220
20240215_124232/Videos/Image-832.jpg,220,220
20240215_124232/Videos/Image-833.jpg,220,220
20240215_124232/Videos/Image-834.jpg,220,220
20240215_124232/Videos/Image-835.jpg,220,220
20240215_124232/Videos/Image-836.jpg,220,220
20240215_124232/Videos/Image-837.jpg,220,220
20240215_124232/Videos/Image-838.jpg,220,220
20240215_124232/Videos/Image-839.jpg,220,220
20240215_124232/Videos/Image-840.jpg,220,220
20240215_124232/Videos/Image-841.jpg,220,220
20240215_124232/Videos/Image-842.jpg,220,220
20240215_124232/Videos/Image-843.jpg,220,220
20240215_124232/Videos/Image-844.jpg,220,220
20240215_124232/Videos/Image-845.jpg,220,220
20240215_124232/Videos/Image-846.jpg,220,220
20240215_124232/Videos/Image-847.jpg,220,220
20240215_124232/Videos/Image-848.jpg,220,220
20240215_124232/Videos/Image-849.jpg,220,220
20240215_124232/Videos/Image-850.jpg,220,220
20240215_124232/Videos/Image-851.jpg,220,220
20240215_124232/Videos/Image-852.jpg,220,220
20240215_124232/Videos/Image-853.jpg,220,220
20240215_124232/Videos/Image-854.jpg,-165,220
20240215_124232/Videos/Image-855.jpg,-165,220
20240215_124232/Videos/Image-856.jpg,-165,220
20240215_124232/Videos/Image-857.jpg,-165,220
20240215_124232/Videos/Image-858.jpg,-165,220
20240215_124232/Videos/Image-859.jpg,-165,220
20240215_124232/Videos/Image-860.jpg,-165,220
20240215_124232/Videos/Image-861.jpg,-165,220
20240215_124232/Videos/Image-862.jpg,-165,220
20240215_124232/Videos/Image-863.jpg,-165,220
20240215_124232/Videos/Image-864.jpg,-165,220
20240215_124232/Videos/Image-865.jpg,-165,220
20240215_124232/Videos/Image-866.jpg,-165,220
20240215_124232/Videos/Image-867.jpg,-165,220
20240215_124232/Videos/Image-868.jpg,-165,220
20240215_124232/Videos/Image-869.jpg,-165,220
20240215_124232/Videos/Image-870.jpg,-165,220
20240215_124232/Videos/Image-871.jpg,-165,220
20240215_124232/Videos/Image-872.jpg,-165,220
20240215_124232/Videos/Image-873.jpg,-165,220
20240215_124232/Videos/Image-874.jpg,-165,220
20240215_124232/Videos/Image-875.jpg,-165,220
20240215_124232/Videos/Image-876.jpg,-165,220
20240215_124232/Videos/Image-877.jpg,-165,220
20240215_124232/Videos/Image-878.jpg,-165,220
20240215_124232/Videos/Image-879.jpg,-165,220
20240215_124232/Videos/Image-880.jpg,-165,220
20240215_124232/Videos/Image-881.jpg,-165,220
20240215_124232/Videos/Image-882.jpg,-165,220
20240215_124232/Videos/Image-883.jpg,-165,220
20240215_124232/Videos/Image-884.jpg,-165,220
20240215_124232/Videos/Image-885.jpg,-165,220
20240215_124232/Videos/Image-886.jpg,220,220
20240215_124232/Videos/Image-887.jpg,220,220
20240215_124232/Videos/Image-888.jpg,220,220
20240215_124232/Videos/Image-889.jpg,220,220
20240215_124232/Videos/Image-890.jpg,220,220
20240215_124232/Videos/Image-891.jpg,220,220
20240215_124232/Videos/Image-892.jpg,220,220
20240215_124232/Videos/Image-893.jpg,220,220
20240215_124232/Videos/Image-894.jpg,220,220
20240215_124232/Videos/Image-895.jpg,220,220
20240215_124232/Videos/Image-896.jpg,220,220
20240215_124232/Videos/Image-897.jpg,-165,220
20240215_124232/Videos/Image-898.jpg,-165,220
20240215_124232/Videos/Image-899.jpg,-165,220
20240215_124232/Videos/Image-900.jpg,-165,220
20240215_124232/Videos/Image-901.jpg,-165,220
20240215_124232/Videos/Image-902.jpg,-165,220
20240215_124232/Videos/Image-903.jpg,-165,220
20240215_124232/Videos/Image-904.jpg,-165,220
20240215_124232/Videos/Image-905.jpg,-165,220
20240215_124232/Videos/Image-906.jpg,220,220
20240215_124232/Videos/Image-907.jpg,220,220
20240215_124232/Videos/Image-908.jpg,220,220
20240215_124232/Videos/Image-909.jpg,220,220
20240215_124232/Videos/Image-910.jpg,220,220
20240215_124232/Videos/Image-911.jpg,220,220
20240215_124232/Videos/Image-912.jpg,220,220
20240215_124232/Videos/Image-913.jpg,220,220
20240215_124232/Videos/Image-914.jpg,220,220
20240215_124232/Videos/Image-915.jpg,220,220
20240215_124232/Videos/Image-916.jpg,220,220
20240215_124232/Videos/Image-917.jpg,220,220
20240215_124232/Videos/Image-918.jpg,220,220
20240215_124232/Videos/Image-919.jpg,220,220
20240215_124232/Videos/Image-920.jpg,220,220
20240215_124232/Videos/Image-921.jpg,220,220
20240215_124232/Videos/Image-922.jpg,220,220
20240215_124232/Videos/Image-923.jpg,220,220
20240215_124232/Videos/Image-924.jpg,220,220
20240215_124232/Videos/Image-925.jpg,220,220
20240215_124232/Videos/Image-926.jpg,220,220
20240215_124232/Videos/Image-927.jpg,220,220
20240215_124232/Videos/Image-928.jpg,220,220
20240215_124232/Videos/Image-929.jpg,220,220
20240215_124232/Videos/Image-930.jpg,220,220
20240215_124232/Videos/Image-931.jpg,220,220
20240215_124232/Videos/Image-932.jpg,220,220
20240215_124232/Videos/Image-933.jpg,220,220
20240215_124232/Videos/Image-934.jpg,220,220
20240215_124232/Videos/Image-935.jpg,220,220
20240215_124232/Videos/Image-936.jpg,220,220
20240215_124232/Videos/Image-937.jpg,220,220
20240215_124232/Videos/Image-938.jpg,-165,220
20240215_124232/Videos/Image-939.jpg,-165,220
20240215_124232/Videos/Image-940.jpg,-165,220
20240215_124232/Videos/Image-941.jpg,-165,220
20240215_124232/Videos/Image-942.jpg,-165,220
20240215_124232/Videos/Image-943.jpg,-165,220
20240215_124232/Videos/Image-944.jpg,-165,220
20240215_124232/Videos/Image-945.jpg,-165,220
20240215_124232/Videos/Image-946.jpg,-165,220
20240215_124232/Videos/Image-947.jpg,-165,220
20240215_124232/Videos/Image-948.jpg,-165,220
20240215_124232/Videos/Image-949.jpg,220,220
20240215_124232/Videos/Image-950.jpg,220,220
20240215_124232/Videos/Image-951.jpg,220,220
20240215_124232/Videos/Image-952.jpg,220,220
20240215_124232/Videos/Image-953.jpg,220,220
20240215_124232/Videos/Image-954.jpg,-165,220
20240215_124232/Videos/Image-955.jpg,-165,220
20240215_124232/Videos/Image-956.jpg,-165,220
20240215_124232/Videos/Image-957.jpg,-165,220
20240215_124232/Videos/Image-958.jpg,-165,220
20240215_124232/Videos/Image-959.jpg,-165,220
20240215_124232/Videos/Image-960.jpg,-165,220
20240215_124232/Videos/Image-961.jpg,-165,220
20240215_124232/Videos/Image-962.jpg,-165,220
20240215_124232/Videos/Image-963.jpg,-165,220
20240215_124232/Videos/Image-964.jpg,-165,220
20240215_124232/Videos/Image-965.jpg,-165,220
20240215_124232/Videos/Image-966.jpg,-165,220
20240215_124232/Videos/Image-967.jpg,-165,220
20240215_124232/Videos/Image-968.jpg,-165,220
20240215_124232/Videos/Image-969.jpg,-165,220
20240215_124232/Videos/Image-970.jpg,-165,220
20240215_124232/Videos/Image-971.jpg,-165,220
20240215_124232/Videos/Image-972.jpg,-165,220
20240215_124232/Videos/Image-973.jpg,220,220
20240215_124232/Videos/Image-974.jpg,220,220
20240215_124232/Videos/Image-975.jpg,220,220
20240215_124232/Videos/Image-976.jpg,220,220
20240215_124232/Videos/Image-977.jpg,220,220
20240215_124232/Videos/Image-978.jpg,220,220
20240215_124232/Videos/Image-979.jpg,220,220
20240215_124232/Videos/Image-980.jpg,220,220
20240215_124232/Videos/Image-981.jpg,220,220
20240215_124232/Videos/Image-982.jpg,220,220
20240215_124232/Videos/Image-983.jpg,220,220
20240215_124232/Videos/Image-984.jpg,220,220
20240215_124232/Videos/Image-985.jpg,220,220
20240215_124232/Videos/Image-986.jpg,220,220
20240215_124232/Videos/Image-987.jpg,220,220
20240215_124232/Videos/Image-988.jpg,220,220
20240215_124232/Videos/Image-989.jpg,220,220
20240215_124232/Videos/Image-990.jpg,220,220
20240215_124232/Videos/Image-991.jpg,220,220
20240215_124232/Videos/Image-992.jpg,220,220
20240215_124232/Videos/Image-993.jpg,220,220
20240215_124232/Videos/Image-994.jpg,-165,220
20240215_124232/Videos/Image-995.jpg,-165,220
20240215_124232/Videos/Image-996.jpg,-165,220
20240215_124232/Videos/Image-997.jpg,-165,220
20240215_124232/Videos/Image-998.jpg,-165,220
20240215_124232/Videos/Image-999.jpg,220,220
20240215_124232/Videos/Image-1000.jpg,220,220
20240215_124232/Videos/Image-1001.jpg,220,220
20240215_124232/Videos/Image-1002.jpg,220,220
20240215_124232/Videos/Image-1003.jpg,220,220
20240215_124232/Videos/Image-1004.jpg,220,220
20240215_124232/Videos/Image-1005.jpg,220,220
20240215_124232/Videos/Image-1006.jpg,220,220
20240215_124232/Videos/Image-1007.jpg,220,220
20240215_124232/Videos/Image-1008.jpg,220,220
20240215_124232/Videos/Image-1009.jpg,220,220
20240215_124232/Videos/Image-1010.jpg,220,220
20240215_124232/Videos/Image-1011.jpg,220,220
20240215_124232/Videos/Image-1012.jpg,220,220
20240215_124232/Videos/Image-1013.jpg,220,220
20240215_124232/Videos/Image-1014.jpg,220,220
20240215_124232/Videos/Image-1015.jpg,-165,220
20240215_124232/Videos/Image-1016.jpg,-165,220
20240215_124232/Videos/Image-1017.jpg,-165,220
20240215_124232/Videos/Image-1018.jpg,-165,220
20240215_124232/Videos/Image-1019.jpg,-165,220
20240215_124232/Videos/Image-1020.jpg,-165,220
20240215_124232/Videos/Image-1021.jpg,-165,220
20240215_124232/Videos/Image-1022.jpg,-165,220
20240215_124232/Videos/Image-1023.jpg,-165,220
20240215_124232/Videos/Image-1024.jpg,-165,220
20240215_124232/Videos/Image-1025.jpg,-165,220
20240215_124232/Videos/Image-1026.jpg,-165,220
20240215_124232/Videos/Image-1027.jpg,-165,220
20240215_124232/Videos/Image-1028.jpg,-165,220
20240215_124232/Videos/Image-1029.jpg,-165,220
20240215_124232/Videos/Image-1030.jpg,-165,220
20240215_124232/Videos/Image-1031.jpg,-165,220
20240215_124232/Videos/Image-1032.jpg,220,220
20240215_124232/Videos/Image-1033.jpg,220,220
20240215_124232/Videos/Image-1034.jpg,220,220
20240215_124232/Videos/Image-1035.jpg,220,220
20240215_124232/Videos/Image-1036.jpg,220,220
20240215_124232/Videos/Image-1037.jpg,220,220
20240215_124232/Videos/Image-1038.jpg,220,220
20240215_124232/Videos/Image-1039.jpg,220,220
20240215_124232/Videos/Image-1040.jpg,220,220
20240215_124232/Videos/Image-1041.jpg,220,220
20240215_124232/Videos/Image-1042.jpg,220,220
20240215_124232/Videos/Image-1043.jpg,220,220
20240215_124232/Videos/Image-1044.jpg,220,220
20240215_124232/Videos/Image-1045.jpg,220,220
20240215_124232/Videos/Image-1046.jpg,220,220
20240215_124232/Videos/Image-1047.jpg,220,220
20240215_124232/Videos/Image-1048.jpg,220,220
20240215_124232/Videos/Image-1049.jpg,220,220
20240215_124232/Videos/Image-1050.jpg,220,220
20240215_124232/Videos/Image-1051.jpg,220,220
20240215_124232/Videos/Image-1052.jpg,220,220
20240215_124232/Videos/Image-1053.jpg,220,220
20240215_124232/Videos/Image-1054.jpg,220,220
20240215_124232/Videos/Image-1055.jpg,220,220
20240215_124232/Videos/Image-1056.jpg,220,220
20240215_124232/Videos/Image-1057.jpg,220,220
20240215_124232/Videos/Image-1058.jpg,220,220
20240215_124232/Videos/Image-1059.jpg,220,220
20240215_124232/Videos/Image-1060.jpg,220,220
20240215_124232/Videos/Image-1061.jpg,220,220
20240215_124232/Videos/Image-1062.jpg,220,220
20240215_124232/Videos/Image-1063.jpg,220,220
20240215_124232/Videos/Image-1064.jpg,220,220
20240215_124232/Videos/Image-1065.jpg,220,220
20240215_124232/Videos/Image-1066.jpg,220,220
20240215_124232/Videos/Image-1067.jpg,220,220
20240215_124232/Videos/Image-1068.jpg,220,220
20240215_124232/Videos/Image-1069.jpg,220,220
20240215_124232/Videos/Image-1070.jpg,220,220
20240215_124232/Videos/Image-1071.jpg,220,220
20240215_124232/Videos/Image-1072.jpg,220,220
20240215_124232/Videos/Image-1073.jpg,220,220
20240215_124232/Videos/Image-1074.jpg,220,220
20240215_124232/Videos/Image-1075.jpg,220,220
20240215_124232/Videos/Image-1076.jpg,220,220
20240215_124232/Videos/Image-1077.jpg,-165,220
20240215_124232/Videos/Image-1078.jpg,-165,220
20240215_124232/Videos/Image-1079.jpg,-165,220
20240215_124232/Videos/Image-1080.jpg,220,220
20240215_124232/Videos/Image-1081.jpg,220,220
20240215_124232/Videos/Image-1082.jpg,220,220
20240215_124232/Videos/Image-1083.jpg,220,220
20240215_124232/Videos/Image-1084.jpg,220,220
20240215_124232/Videos/Image-1085.jpg,220,220
20240215_124232/Videos/Image-1086.jpg,220,220
20240215_124232/Videos/Image-1087.jpg,220,220
20240215_124232/Videos/Image-1088.jpg,-165,220
20240215_124232/Videos/Image-1089.jpg,-165,220
20240215_124232/Videos/Image-1090.jpg,-165,220
20240215_124232/Videos/Image-1091.jpg,-165,220
20240215_124232/Videos/Image-1092.jpg,-165,220
20240215_124232/Videos/Image-1093.jpg,-165,220
20240215_124232/Videos/Image-1094.jpg,-165,220
20240215_124232/Videos/Image-1095.jpg,-165,220
20240215_124232/Videos/Image-1096.jpg,-165,220
20240215_124232/Videos/Image-1097.jpg,-165,220
20240215_124232/Videos/Image-1098.jpg,-165,220
20240215_124232/Videos/Image-1099.jpg,-165,220
20240215_124232/Videos/Image-1100.jpg,220,220
20240215_124232/Videos/Image-1101.jpg,220,220
20240215_124232/Videos/Image-1102.jpg,220,220
20240215_124232/Videos/Image-1103.jpg,220,220
20240215_124232/Videos/Image-1104.jpg,220,220
20240215_124232/Videos/Image-1105.jpg,220,220
20240215_124232/Videos/Image-1106.jpg,220,220
20240215_124232/Videos/Image-1107.jpg,220,220
20240215_124232/Videos/Image-1108.jpg,220,220
20240215_124232/Videos/Image-1109.jpg,220,220
20240215_124232/Videos/Image-1110.jpg,220,220
20240215_124232/Videos/Image-1111.jpg,220,220
20240215_124232/Videos/Image-1112.jpg,220,220
20240215_124232/Videos/Image-1113.jpg,220,220
20240215_124232/Videos/Image-1114.jpg,220,220
20240215_124232/Videos/Image-1115.jpg,220,220
20240215_124232/Videos/Image-1116.jpg,220,220
20240215_124232/Videos/Image-1117.jpg,220,220
20240215_124232/Videos/Image-1118.jpg,220,220
20240215_124232/Videos/Image-1119.jpg,220,220
20240215_124232/Videos/Image-1120.jpg,220,220
20240215_124232/Videos/Image-1121.jpg,220,220
20240215_124232/Videos/Image-1122.jpg,220,220
20240215_124232/Videos/Image-1123.jpg,220,220
20240215_124232/Videos/Image-1124.jpg,220,220
20240215_124232/Videos/Image-1125.jpg,220,220
20240215_124232/Videos/Image-1126.jpg,220,220
20240215_124232/Videos/Image-1127.jpg,220,220
20240215_124232/Videos/Image-1128.jpg,220,220
20240215_124232/Videos/Image-1129.jpg,220,220
20240215_124232/Videos/Image-1130.jpg,220,220
20240215_124232/Videos/Image-1131.jpg,220,220
20240215_124232/Videos/Image-1132.jpg,220,220
20240215_124232/Videos/Image-1133.jpg,220,220
20240215_124232/Videos/Image-1134.jpg,220,220
20240215_124232/Videos/Image-1135.jpg,220,220
20240215_124232/Videos/Image-1136.jpg,220,220
20240215_124232/Videos/Image-1137.jpg,220,220
20240215_124232/Videos/Image-1138.jpg,220,220
20240215_124232/Videos/Image-1139.jpg,220,220
20240215_124232/Videos/Image-1140.jpg,220,220
20240215_124232/Videos/Image-1141.jpg,220,220
20240215_124232/Videos/Image-1142.jpg,220,220
20240215_124232/Videos/Image-1143.jpg,220,220
20240215_124232/Videos/Image-1144.jpg,220,220
20240215_124232/Videos/Image-1145.jpg,220,220
20240215_124232/Videos/Image-1146.jpg,220,220
20240215_124232/Videos/Image-1147.jpg,220,220
20240215_124232/Videos/Image-1148.jpg,220,220
20240215_124232/Videos/Image-1149.jpg,220,220
20240215_124232/Videos/Image-1150.jpg,220,220
20240215_124232/Videos/Image-1151.jpg,220,220
20240215_124232/Videos/Image-1152.jpg,220,220
20240215_124232/Videos/Image-1153.jpg,220,220
20240215_124232/Videos/Image-1154.jpg,220,220
20240215_124232/Videos/Image-1155.jpg,220,220
20240215_124232/Videos/Image-1156.jpg,220,220
20240215_124232/Videos/Image-1157.jpg,220,220
20240215_124232/Videos/Image-1158.jpg,220,220
20240215_124232/Videos/Image-1159.jpg,220,220
20240215_124232/Videos/Image-1160.jpg,220,220
20240215_124232/Videos/Image-1161.jpg,220,220
20240215_124232/Videos/Image-1162.jpg,220,220
20240215_124232/Videos/Image-1163.jpg,220,220
20240215_124232/Videos/Image-1164.jpg,220,220
20240215_124232/Videos/Image-1165.jpg,220,220
20240215_124232/Videos/Image-1166.jpg,220,220
20240215_124232/Videos/Image-1167.jpg,220,220
20240215_124232/Videos/Image-1168.jpg,220,220
20240215_124232/Videos/Image-1169.jpg,220,220
20240215_124232/Videos/Image-1170.jpg,220,220
20240215_124232/Videos/Image-1171.jpg,220,220
20240215_124232/Videos/Image-1172.jpg,220,220
20240215_124232/Videos/Image-1173.jpg,220,220
20240215_124232/Videos/Image-1174.jpg,220,220
20240215_124232/Videos/Image-1175.jpg,220,220
20240215_124232/Videos/Image-1176.jpg,220,220
20240215_124232/Videos/Image-1177.jpg,220,220
20240215_124232/Videos/Image-1178.jpg,220,220
20240215_124232/Videos/Image-1179.jpg,220,220
20240215_124232/Videos/Image-1180.jpg,220,220
20240215_124232/Videos/Image-1181.jpg,220,220
20240215_124232/Videos/Image-1182.jpg,220,220
20240215_124232/Videos/Image-1183.jpg,220,220
20240215_124232/Videos/Image-1184.jpg,220,220
20240215_124232/Videos/Image-1185.jpg,220,220
20240215_124232/Videos/Image-1186.jpg,220,220
20240215_124232/Videos/Image-1187.jpg,220,220
20240215_124232/Videos/Image-1188.jpg,220,220
20240215_124232/Videos/Image-1189.jpg,220,220
20240215_124232/Videos/Image-1190.jpg,220,220
20240215_124232/Videos/Image-1191.jpg,220,220
20240215_124232/Videos/Image-1192.jpg,220,220
20240215_124232/Videos/Image-1193.jpg,220,220
20240215_124232/Videos/Image-1194.jpg,220,220
20240215_124232/Videos/Image-1195.jpg,220,220
20240215_124232/Videos/Image-1196.jpg,220,220
20240215_124232/Videos/Image-1197.jpg,220,220
20240215_124232/Videos/Image-1198.jpg,220,220
20240215_124232/Videos/Image-1199.jpg,220,220
20240215_124232/Videos/Image-1200.jpg,220,220
20240215_124232/Videos/Image-1201.jpg,220,220
20240215_124232/Videos/Image-1202.jpg,220,220
20240215_124232/Videos/Image-1203.jpg,220,220
20240215_124232/Videos/Image-1204.jpg,220,220
20240215_124232/Videos/Image-1205.jpg,220,220
20240215_124232/Videos/Image-1206.jpg,220,220
20240215_124232/Videos/Image-1207.jpg,220,220
20240215_124232/Videos/Image-1208.jpg,220,220
20240215_124232/Videos/Image-1209.jpg,220,220
20240215_124232/Videos/Image-1210.jpg,220,220
20240215_124232/Videos/Image-1211.jpg,220,220
20240215_124232/Videos/Image-1212.jpg,220,220
20240215_124232/Videos/Image-1213.jpg,220,220
20240215_124232/Videos/Image-1214.jpg,220,220
20240215_124232/Videos/Image-1215.jpg,220,220
20240215_124232/Videos/Image-1216.jpg,220,220
20240215_124232/Videos/Image-1217.jpg,220,220
20240215_124232/Videos/Image-1218.jpg,220,220
20240215_124232/Videos/Image-1219.jpg,220,220
20240215_124232/Videos/Image-1220.jpg,220,220
20240215_124232/Videos/Image-1221.jpg,220,220
20240215_124232/Videos/Image-1222.jpg,220,220
20240215_124232/Videos/Image-1223.jpg,220,220
20240215_124232/Videos/Image-1224.jpg,220,220
20240215_124232/Videos/Image-1225.jpg,220,220
20240215_124232/Videos/Image-1226.jpg,220,220
20240215_124232/Videos/Image-1227.jpg,220,220
20240215_124232/Videos/Image-1228.jpg,220,220
20240215_124232/Videos/Image-1229.jpg,220,220
20240215_124232/Videos/Image-1230.jpg,220,220
20240215_124232/Videos/Image-1231.jpg,220,220
20240215_124232/Videos/Image-1232.jpg,220,220
